{
    "5": {
        "1": 0.0,
        "2": 0.0,
        "3": 0.0,
        "4": 0.0,
        "5": 0.0,
        "6": 0.0
    },
    "6": {
        "1": -0.04394531249999999,
        "2": -0.049130859374999995,
        "3": -0.0428857421875,
        "4": -0.04781982421875,
        "5": -0.04393717447916666,
        "6": -0.0490185546875
    }
}